Date,CL1,PROD,INV,RIG,CRKSPD,POS,COPPER,IRON,SHIP,1Y1YF,DXY,ADXY,LACI
1/5/2007,56.31,5370,297470,279,4.987,20951,253.5,,,4.8838,84.64,108.81,109.02
1/12/2007,52.99,5317,304238,269,6.558,16994,260.3,,,5.0736,85.02,108.59,109.23
1/19/2007,51.99,5241,305027,275,7.836,42315,252.8,,,5.1146,84.86,108.87,109.63
1/26/2007,55.42,5224,307711,255,7.637,38787,264.05,,,5.2327,85.23,109.29,108.74
2/2/2007,59.02,5283,307193,264,6.588,41361,242.3,,,5.1622,84.96,109.02,109.56
2/9/2007,59.89,5316,306604,254,8.356,25924,252.05,,,5.1216,84.88,109.34,109.38
2/16/2007,59.39,5323,310298,267,8.376,47059,265.9,,,4.9868,84.06,109.41,109.86
2/23/2007,61.14,5285,311719,278,12.111,45367,285.1,,,4.9888,84.05,109.39,109.8
3/2/2007,61.64,5267,306822,290,13.189,50294,268.4,,,4.7473,83.74,109.06,108.5
3/9/2007,60.05,5218,308002,287,12.293,53015,278,,,4.837,84.25,109.27,109.39
3/16/2007,57.11,5235,311926,282,15.871,64992,301.1,,,4.7277,83.19,109.31,109.34
3/23/2007,62.28,5218,311080,281,13.575,39816,306.9,,,4.7254,83.28,109.89,110.58
3/30/2007,65.87,5243,315387,271,14.375,45395,314.6,,,4.7409,82.93,109.79,110.38
4/6/2007,64.28,5179,316219,283,18.874,71085,337.7,,,4.9218,82.992,110.07,111.33
4/13/2007,63.63,5125,315225,282,22.163,76542,353.6,,,4.9392,82.129,110.17,111.69
4/20/2007,63.38,5128,317299,292,18.58,70197,362.1,,,4.7701,81.643,110.51,111.77
4/27/2007,66.46,5089,318468,283,21.811,57522,353.25,,,4.827,81.529,110.35,112
5/4/2007,61.93,5131,323940,282,22.466,60817,375.85,,,4.8239,81.741,110.67,112.47
5/11/2007,62.37,5201,325001,282,27.235,47967,360.4,,,4.8812,82.116,110.71,113.42
5/18/2007,64.94,5207,326970,276,27.416,33888,332.35,,,5.0668,82.197,110.68,114.41
5/25/2007,65.2,5148,325014,287,27.064,65525,332.05,,,5.1304,82.331,110.8,114.75
6/1/2007,65.08,5180,325227,288,23.275,46848,340.5,,,5.3268,82.322,110.97,116.26
6/8/2007,64.76,5170,325309,291,18.373,63024,325.75,,,5.4225,82.691,110.51,114.08
6/15/2007,68,5093,332211,285,20.282,65711,342.15,,,5.4655,82.851,110.78,115.65
6/22/2007,69.14,5108,333773,271,19.584,102347,338.35,,,5.372,82.336,111,114.04
6/29/2007,70.68,5122,336924,281,16.197,86544,345.05,,,5.3049,81.92,111.16,114.68
7/6/2007,72.81,5198,335336,274,17.904,110698,359.45,,,5.458,81.465,111.48,115.69
7/13/2007,73.93,5201,334887,284,15.013,127482,359.3,,,5.3704,80.576,111.91,116.74
7/20/2007,75.57,5184,333784,287,11.225,139751,370.55,,,5.2046,80.288,112.13,116.78
7/27/2007,77.02,5206,327287,296,8.534,144082,354.7,,,4.9459,80.946,111.9,114.74
8/3/2007,75.48,5142,323326,306,8.466,160018,347.9,,,4.8703,80.177,111.62,114.74
8/10/2007,71.47,5192,318159,305,9.634,122364,335.95,,,4.911,80.679,111.19,113.63
8/17/2007,71.98,5119,320049,309,13.842,96038,314.75,,,4.759,81.426,110.47,110.2
8/24/2007,71.09,5161,316563,316,10.972,70754,335,,,4.8675,80.667,110.64,113.2
8/31/2007,74.04,5021,312591,300,11.525,66935,339.7,,,4.6971,80.791,110.77,112.57
9/7/2007,76.7,5129,305578,294,11.004,99589,325.15,,,4.3955,79.959,110.67,112.2
9/14/2007,79.1,5039,301704,298,11.053,102329,339.25,,,4.5018,79.617,111.37,113.94
9/21/2007,81.62,5027,303546,305,8.894,132509,359.25,,,4.5617,78.597,112.04,115.59
9/28/2007,81.66,5064,304684,311,8.18,126540,364,,,4.4457,77.719,112.56,116.52
10/5/2007,81.22,5059,302875,318,8.35,134350,372.55,,,4.6002,78.308,112.82,118.11
10/12/2007,83.69,5102,304659,319,6.091,134767,365.25,,,4.711,78.224,112.91,118.35
10/19/2007,88.6,5122,299371,320,4.81,134735,355.15,,,4.3166,77.407,112.86,117.98
10/26/2007,91.86,5114,295477,326,6.363,134033,353.75,,,4.2378,77.027,113.35,119.18
11/2/2007,95.93,5126,294517,335,8.213,140944,332.5,,,4.1733,76.337,113.6,119.84
11/9/2007,96.32,5134,297331,337,9.396,152283,314.55,,,4.067,75.4,113.98,118.86
11/16/2007,95.1,4942,296260,337,7.868,125337,319.9,,,3.9128,75.827,113.35,118.71
11/23/2007,98.18,5117,295808,343,9.214,132239,302.95,,,3.7254,75.053,113.39,116.96
11/30/2007,88.71,5133,287895,354,8.69,122909,318.45,,,3.5511,76.147,113.48,117.53
12/7/2007,88.28,5117,286806,340,9.122,108460,312.6,,,3.7309,76.288,113.92,119.13
12/14/2007,91.27,5110,279220,342,10.352,113490,295.65,,,3.8767,77.436,113.72,118.28
12/21/2007,93.31,5117,275921,343,9.243,99536,309.75,,,3.7169,77.721,113.35,118.65
12/28/2007,96,5078,271865,325,11.698,112117,307.2,,,3.5789,76.218,113.91,118.3
1/4/2008,97.91,5051,265361,316,9.19,121496,315.75,,,3.1481,75.793,114.17,118.96
1/11/2008,92.69,5013,269620,327,6.352,121978,330.4,,,3.0382,75.978,114.42,119.97
1/18/2008,90.57,5042,271917,323,8.126,107959,323.45,,,2.7931,76.383,114.04,119.02
1/25/2008,90.71,4998,275472,318,9.467,86322,318.4,,,2.8444,75.973,114.32,119.4
2/1/2008,88.96,5013,282340,324,8.78,84521,327.3,,,2.8254,75.445,114.93,120.81
2/8/2008,91.77,5044,283406,324,9.15,71344,353.95,,,2.7398,76.67,114.75,120.4
2/15/2008,95.5,5034,287610,339,11.025,104181,353.9,,,2.8346,76.101,114.89,121.12
2/22/2008,98.81,5044,290841,333,10.967,129593,380.3,,,2.9778,75.52,115.32,122.03
2/29/2008,101.84,5050,287785,337,10.05,150488,385.5,,,2.4922,73.714,115.64,123.35
3/7/2008,105.15,5100,294185,337,10.808,144029,392.15,,,2.6036,73.027,115.58,123.44
3/14/2008,110.21,5100,294318,343,11.368,149396,382.8,,,2.3457,71.657,114.77,123.35
3/21/2008,101.84,5103,294406,341,13.086,134386,357.35,,,2.4591,72.709,114.79,122.79
3/28/2008,105.62,5087,301723,350,12.329,112572,383.15,,,2.612,71.678,115.26,122.96
4/4/2008,106.23,5097,298516,362,11.761,98211,395.45,,,2.7725,72.021,115.45,124.6
4/11/2008,110.14,5096,296160,355,12.632,125690,394.45,,,2.6379,71.808,115.78,124.88
4/18/2008,116.69,5101,298581,355,12.151,134744,389.25,,,3.2374,72.012,115.41,125.36
4/25/2008,118.52,5098,302429,360,10.809,149019,391.1,,,3.5182,72.79,115.25,125.38
5/2/2008,116.32,5099,308082,357,9.529,131763,382.05,,,3.5513,73.5,114.99,126.09
5/9/2008,125.96,5128,308258,361,13.766,145146,371.65,,,3.2474,73.05,114.02,123.95
5/16/2008,126.29,5045,302941,381,16.186,148216,382.65,,,3.5708,72.844,114,125.94
5/23/2008,132.19,5128,294058,386,18.975,123236,373.6,180.52,,3.5713,71.888,113.99,125.27
5/30/2008,127.35,5139,289256,390,16.062,103667,360.6,173.86,,3.8699,72.879,114.38,126.43
6/6/2008,138.54,5114,284679,385,15.663,98736,362.3,171.15,,3.6521,72.39,113.98,126.31
6/13/2008,134.86,5145,283437,389,14.122,101533,359.1,167.99,,4.4319,74.146,113.74,125.78
6/20/2008,134.62,5120,284240,384,13.056,92392,383.05,168.4,,4.1681,73.03,114.19,127.44
6/27/2008,140.21,5123,282258,375,12.519,94438,387.8,168.86,,3.971,72.36,114.12,125.44
7/4/2008,145.29,4960,276552,373,10.593,91818,394.9,176.32,,3.8925,72.731,113.93,126.14
7/11/2008,145.08,5139,279504,370,12.321,74795,374,175.23,,3.7983,72.096,115.01,126.77
7/18/2008,128.88,5165,277946,385,12.324,83717,366.9,176.61,,4.0377,72.189,115.14,127.51
7/25/2008,123.26,5160,277865,393,12.076,69498,360.5,180.61,,4.0216,72.86,115.16,128.62
8/1/2008,125.1,5172,279363,392,9.661,79032,357.85,173.1,,3.7624,73.424,114.53,129.27
8/8/2008,115.2,5139,279047,387,10.001,68761,333.3,168.86,,3.7794,75.845,113.6,126.37
8/15/2008,113.77,5078,288437,395,10.64,57157,331.45,162.39,,3.6327,77.18,113.07,125.13
8/22/2008,114.59,4906,288260,395,10.225,60047,345.95,153.38,,3.6726,76.805,112.82,125.5
8/29/2008,115.46,5097,286362,416,14.79,65781,338.7,147.03,,3.538,77.381,112.1,124.67
9/5/2008,106.23,4084,280482,416,17.557,55453,309.85,139.25,,3.3596,78.932,110.87,121.14
9/12/2008,101.18,3988,274154,413,28.52,41190,319.4,125.12,,3.284,78.966,111.03,118.8
9/19/2008,104.55,3932,272634,417,14.85,45231,317.65,116.9,,3.4495,77.68,111.11,116.88
9/26/2008,106.89,3839,276912,423,14.963,41097,307.45,105.49,,3.6423,76.953,110.2,116.26
10/3/2008,93.88,4422,285104,422,8.564,45008,269,101.84,,3.1334,80.313,109.12,109.58
10/10/2008,77.7,4572,290715,429,6.119,27825,214.45,87.12,,3.1057,82.997,106.97,98.88
10/17/2008,71.85,4630,293897,428,6.329,34428,217.95,75.21,,2.866,82.413,107.28,102.02
10/24/2008,64.15,4675,294390,423,6.684,38175,168.65,66.9,,2.7669,86.44,104.71,96.29
10/31/2008,67.81,4776,294444,408,4.197,46186,182.9,58.67,,3.033,85.633,106.35,99.33
11/7/2008,61.04,4885,294394,442,7.355,43253,169.7,61.55,,2.6714,85.907,106.34,100.72
11/14/2008,57.04,4943,295993,429,5.127,57673,171.5,60.74,,2.5114,86.365,104.47,98.66
11/21/2008,49.93,5006,303273,419,6.602,50928,157.9,59.17,,2.2242,88.191,103.3,92.93
11/28/2008,54.43,5118,302817,412,4.948,50435,164.95,62.27,,2.1047,86.517,103.52,95.52
12/5/2008,40.81,5152,303169,413,3.584,55466,137.35,65.82,,2.1297,87.121,103.15,93.61
12/12/2008,46.28,4967,303694,401,3.534,77651,142.85,69.38,,1.8966,83.644,105.31,95.25
12/19/2008,33.87,4972,300593,387,14.235,76960,132.65,74.15,,1.6241,81.298,107.24,97.09
12/26/2008,37.71,4979,301142,364,8.774,86187,130.35,76.43,,1.739,80.892,106.98,96.04
1/2/2009,46.34,4935,307236,346,6.996,82331,146.1,72.54,,1.8631,81.839,106.84,95.66
1/9/2009,40.83,4917,308380,341,12.706,84855,155.95,73.64,,1.5073,82.663,106.02,97.44
1/16/2009,36.51,5052,314480,324,17.414,72608,152.75,74.09,,1.5123,84.212,105.56,95.43
1/23/2009,46.47,5045,320698,318,7.802,83723,147.2,73.34,,1.6338,85.608,104.68,95
1/30/2009,41.68,5235,327868,309,15.014,90156,146.85,74.25,,1.8899,85.999,104.69,94.08
2/6/2009,40.17,5327,332487,283,12.75,93759,162.85,78.83,,1.8487,85.346,105.36,95.15
2/13/2009,37.51,5323,332349,273,13.873,75923,155.45,81.86,,1.8181,86.041,104.52,95.05
2/20/2009,38.94,5300,333066,269,8.411,67437,143.3,74.98,,1.6997,86.488,102.71,91.53
2/27/2009,44.76,5373,332309,260,7.975,56806,153.85,69.04,,1.8255,88.008,101.85,91
3/6/2009,45.52,5401,332824,241,5.04,35834,168.9,64.81,,1.7725,88.512,101.93,91.41
3/13/2009,46.25,5414,334766,228,3.869,51060,166.45,62.37,,1.6995,87.428,102.69,93.81
3/20/2009,51.06,5432,338068,215,5.348,73385,179.6,62.47,,1.5857,83.841,104.03,95.51
3/27/2009,52.38,5480,340912,217,6.279,80802,183.6,59.7,,1.5258,85.111,104.77,94.57
4/3/2009,52.51,5469,342328,224,5.446,64147,200.05,60.48,,1.6742,84.165,105.55,97.69
4/10/2009,52.24,5482,347999,204,5.243,77745,207.1,59.96,,1.6302,85.786,105.25,99.33
4/17/2009,50.33,5421,351856,205,8.602,69108,219.75,59.23,,1.7358,85.981,105.5,99.19
4/24/2009,51.55,5269,355909,202,4.982,45291,205,58.73,,1.805,84.714,105.89,98.96
5/1/2009,53.2,5280,356863,196,4.882,49516,210.1,60.31,,1.722,84.546,106.47,97.96
5/8/2009,58.63,5306,352234,190,5.948,57799,214.55,61.38,,1.7384,82.529,108.02,102.41
5/15/2009,56.34,5352,350129,181,5.979,66623,201.75,63.67,,1.5492,83.024,107.08,100.77
5/22/2009,61.67,5364,344716,180,7.467,81332,209.75,64.15,,1.6154,79.958,108.37,102.52
5/29/2009,66.31,5358,347582,187,6.354,88381,219.75,64.06,,1.6817,79.348,108.22,103.76
6/5/2009,68.44,5358,343186,179,8.245,86891,228.4,70.33,,2.4198,80.67,108.08,103.71
6/12/2009,72.04,5273,339312,183,6.882,95618,238.3,72.31,,2.3092,80.142,108.03,104.26
6/19/2009,69.55,5257,335444,196,5.561,73945,226.15,75.5,,2.3227,80.264,107.55,103.79
6/26/2009,69.16,5163,331784,219,3.771,84932,230.9,75.82,,1.9722,79.878,107.48,104.74
7/3/2009,66.73,5171,329083,229,3.448,92720,230.55,78.47,,1.9308,80.382,107.63,104.31
7/10/2009,59.89,5171,326270,234,4.71,68482,221.15,80.84,,1.7693,80.233,107.11,102.13
7/17/2009,63.56,5176,324474,244,5.588,62669,242.3,83.82,,2.0767,79.347,107.79,104.95
7/24/2009,68.05,5107,329626,257,8.596,58553,252.2,89.26,,2.0326,78.749,108.16,105.98
7/31/2009,69.45,5246,331296,261,7.815,67615,262.35,93.31,,2.0825,78.347,108.63,106.3
8/7/2009,70.93,5172,333992,277,7.654,109818,278.55,102.94,,2.5074,78.975,108.7,107.82
8/14/2009,67.51,5169,325595,272,8.638,104009,285.1,101.15,,2.0803,78.885,108.21,107.26
8/21/2009,73.89,5173,325723,280,5.268,97778,289.4,91.41,,2.1925,78.044,108.17,107.87
8/28/2009,72.74,5244,325351,286,5.875,116160,295.05,82.44,,2.0463,78.366,108.02,105.58
9/4/2009,68.02,5266,319545,295,3.787,83564,286.65,75.26,,1.8941,78.136,108.18,106
9/11/2009,69.29,5304,314816,288,2.845,93588,284.65,77.25,,1.7752,76.608,108.84,106.37
9/18/2009,72.04,5300,317671,293,3.874,110659,278.5,80.81,,2.0135,76.425,109.34,107.39
9/25/2009,66.02,5375,320467,297,2.91,119130,274.05,85.37,,1.9203,76.812,109.57,107.12
10/2/2009,69.95,5360,319333,303,2.842,80531,268.15,85.06,,1.8125,77.003,110.09,107.01
10/9/2009,71.77,5377,319667,305,3.137,109771,283.8,85.98,,1.9547,76.431,110.65,108.98
10/16/2009,78.53,5371,320979,309,4.426,136132,284.55,84.7,,1.991,75.597,110.66,110.37
10/23/2009,80.5,5357,321757,312,5.2,164681,303.45,88.02,,2.0105,75.468,110.35,110.22
10/30/2009,77,5391,317821,330,4.372,180375,295.55,88.92,,1.822,76.3,109.84,108.68
11/6/2009,77.43,5506,319609,332,2.299,181136,295.25,95.8,,1.8176,75.819,110.53,109.36
11/13/2009,76.35,5317,318722,361,3.001,156788,299.95,99.29,,1.7101,75.334,111.14,110.95
11/20/2009,76.72,5433,319741,375,4.354,149136,313.4,101.44,,1.5765,75.656,110.72,110.65
11/27/2009,76.05,5561,321832,379,3.271,116665,312.55,101.53,,1.4723,74.996,110.51,110.9
12/4/2009,75.47,5538,318037,383,6.62,126556,323.75,98.84,,1.7821,75.911,111.04,111.63
12/11/2009,69.87,5524,314348,393,6.782,100447,313.3,100.62,,1.6804,76.573,110.68,110.67
12/18/2009,73.36,5524,309507,409,5.764,91144,313.85,106.55,,1.6579,77.821,110.18,109.84
12/25/2009,78.05,5512,307969,416,5.059,108409,329.25,107.1,,1.9838,77.734,110.34,108.97
1/1/2010,79.36,5507,306626,418,6.53,133742,334.65,113.34,,2.1219,77.86,110.66,109.88
1/8/2010,82.75,5496,310325,427,7.191,156578,340.05,127.61,,1.8604,77.471,111.78,112.26
1/15/2010,78,5404,309854,425,6.532,175740,336.6,127.85,,1.7216,77.323,111.73,111.18
1/22/2010,74.54,5421,305966,437,6.515,173317,334.7,123.11,,1.6644,78.277,110.93,109.24
1/29/2010,72.89,5403,308283,444,5.471,125798,305.25,119.17,,1.6671,79.462,110.79,106.86
2/5/2010,71.19,5475,310577,445,5.939,116263,285.75,123.87,,1.5477,80.441,110.13,106.19
2/12/2010,74.13,5482,313662,443,4.955,83424,310.2,125.49,,1.6431,80.218,110.64,107.91
2/19/2010,79.81,5505,316696,440,6.067,115087,337.9,125.49,,1.7949,80.643,110.89,109.29
2/26/2010,79.66,5510,320730,456,5.717,129046,328.4,132.23,,1.5564,80.362,111,109.35
3/5/2010,81.5,5527,322200,456,6.418,143477,341.75,130.31,,1.6533,80.432,111.63,110.79
3/12/2010,81.24,5540,323212,466,6.526,160477,338,133.93,,1.732,79.833,111.95,111.37
3/19/2010,80.68,5536,330457,474,7.488,173541,337.25,140.65,,1.7429,80.724,111.9,109.92
3/26/2010,80,5489,333386,489,6.598,159306,340.3,148.21,,1.7498,81.676,111.76,109.8
4/2/2010,84.87,5473,335532,502,6.988,173337,358.4,155.83,,1.8725,81.173,112.19,111.67
4/9/2010,84.92,5475,333330,505,6.306,192126,359,162.31,,1.7758,81.093,112.88,112.32
4/16/2010,83.24,5466,335224,506,7.809,181055,353.55,173.64,,1.6108,80.824,112.94,111.86
4/23/2010,85.12,5488,337187,514,10.021,173650,353.05,178.48,,1.8096,81.352,113.11,112.19
4/30/2010,86.15,5522,339942,513,9.872,151406,335.35,172.78,,1.6408,81.866,113.02,112.11
5/7/2010,75.11,5533,341861,528,10.514,159005,314.45,173.44,,1.4595,84.45,111.48,107.85
5/14/2010,71.61,5516,342023,544,14.042,130856,313.4,166.2,,1.4061,86.095,111.9,109.54
5/21/2010,70.04,5540,344483,538,10.33,89335,306.1,146.58,,1.3371,85.371,110.16,107.22
5/28/2010,73.97,5320,342581,555,6.843,74236,310.45,140.52,,1.4639,86.48,110.22,108.21
6/4/2010,71.51,5445,340906,545,8.706,68773,281.95,142.18,,1.3796,88.233,109.87,106.99
6/11/2010,73.78,5503,342596,561,8.227,74410,290.4,142.94,,1.3115,87.507,109.94,109.23
6/18/2010,77.18,5501,344613,574,9.413,97963,290.15,143.86,,1.2058,85.699,111.02,110.47
6/25/2010,78.86,5257,342606,583,8.175,87576,311.1,139.69,,1.1578,85.313,111.1,110.01
7/2/2010,72.14,5414,337562,587,6.21,73300,291.6,132.01,,1.1636,84.427,110.79,108.93
7/9/2010,76.09,5352,332504,592,6.772,50503,305.35,120.54,,1.1323,83.947,111.4,110.19
7/16/2010,76.01,5460,332864,580,6.32,84455,292.95,115.34,,0.9893,82.486,110.99,109.39
7/23/2010,78.98,5486,340172,591,6.265,95652,318.5,125.26,,1.0076,82.464,111.39,110.38
7/30/2010,78.95,5440,337388,603,5.972,109868,331.15,134.05,,0.8994,81.539,112,111.12
8/6/2010,80.7,5239,334390,611,4.554,135833,334.3,139,,0.8484,80.407,112.72,111.2
8/13/2010,75.39,5352,333572,636,4.097,130905,327.25,144.03,,0.8826,82.948,111.71,110.91
8/20/2010,73.46,5511,337680,655,6.023,114455,331.15,147.71,,0.8469,83.057,112.06,111.42
8/27/2010,75.17,5602,341105,672,7.938,82024,338.45,142.68,,0.9203,82.918,111.93,110.88
9/3/2010,74.6,5603,339337,665,8.903,78695,350,140.56,,0.8625,82.102,112.43,111.57
9/10/2010,76.45,5573,336848,663,9.369,84957,340.65,138.08,,0.955,82.698,113.01,111.77
9/17/2010,73.66,5556,337818,670,9.619,122609,352.2,136.47,,0.8184,81.398,113.35,112.21
9/24/2010,76.49,5562,337343,673,9.743,106323,361.8,136.28,,0.7427,79.395,114.2,113.51
10/1/2010,81.58,5514,340186,687,8.728,116906,369.05,140.21,,0.7087,78.088,115.02,114.18
10/8/2010,82.66,5528,339770,690,8.702,168540,377.45,143.22,,0.576,77.325,115.47,115.08
10/15/2010,81.25,5536,340437,695,8.086,178738,383.9,148.61,,0.6082,77.041,115.93,115.03
10/22/2010,81.69,5540,345444,695,8.31,163641,379.7,148.18,,0.586,77.472,115.32,114.07
10/29/2010,81.43,5593,347394,696,7.027,178824,373.35,147.01,,0.5485,77.266,115.42,114.1
11/5/2010,86.85,5596,343849,718,6.873,194128,394.85,151.39,1118.7,0.5694,76.548,115.85,115.38
11/12/2010,84.88,5597,336563,720,8.153,208915,389.8,156.02,1107.67,0.8664,78.082,115.38,113.68
11/19/2010,81.51,5581,337592,731,8.737,178397,384.25,157.53,1097.33,0.8435,78.504,115.31,113.96
11/26/2010,83.76,5555,338658,724,8.134,139743,376.25,160.8,1089.18,0.9023,80.357,114.03,112.84
12/3/2010,89.19,5582,334524,742,10.104,164204,399.9,163.47,1075.84,0.8582,79.377,115.3,114.41
12/10/2010,87.79,5604,324670,763,9.09,206807,411.2,164.57,1073.38,1.0873,80.07,115.2,113.66
12/17/2010,88.02,5598,319337,756,10.699,205890,415.9,167.26,1058.11,1.0887,80.373,114.54,113.69
12/24/2010,91.51,5575,318079,771,12.047,207468,425.85,167.32,1060.91,1.222,80.474,115.32,114.29
12/31/2010,91.38,5598,313918,765,10.884,217046,444.7,167.13,1053.93,1.0657,79.028,116.46,115.11
1/7/2011,88.03,5575,311526,777,12.783,187408,428.25,171.43,1056.51,1.141,81.012,115.73,114.29
1/14/2011,91.54,5205,314143,789,14.177,209769,441.2,174.72,1065.32,1.0894,79.162,116.17,115.22
1/21/2011,89.11,5321,318979,798,16.978,210564,430.9,183.4,1060.64,1.1563,78.213,116.2,115.46
1/28/2011,89.34,5568,321573,809,16.718,172013,437.3,183.76,1059.95,1.0395,78.133,115.82,114.85
2/4/2011,89.03,5597,323404,818,16.179,201941,457.95,183.36,1061.97,1.3664,78.044,116.42,115.81
2/11/2011,85.58,5610,324264,805,20.936,202383,453.6,188.12,1051.14,1.5134,78.46,116.06,115.97
2/18/2011,86.2,5604,325086,798,22.105,185236,449.6,190.15,1052.52,1.4065,77.664,116.67,116.19
2/25/2011,97.88,5591,324722,783,22.476,240572,445.5,181.86,1056.06,1.3072,77.275,116.16,115.58
3/4/2011,104.42,5593,327099,801,20.066,305408,448.55,176.83,1046.39,1.2826,76.4,116.67,116.22
3/11/2011,101.16,5591,328844,827,21.152,311632,420.75,167.69,1027.9,1.1615,76.776,116.49,116.25
3/18/2011,101.07,5570,330975,839,19.885,270962,433.9,164.3,1026.46,1.0943,75.718,116.31,115.56
3/25/2011,105.4,5568,333920,851,19.467,286812,441.9,165.53,1018.25,1.3365,76.217,116.95,115.9
4/1/2011,107.94,5638,335536,877,20.478,292066,425.85,172.44,1016.25,1.45,75.833,117.61,117.88
4/8/2011,112.79,5635,337163,886,21.28,305297,450.15,179.86,1004.95,1.4807,75.066,118.02,119.52
4/15/2011,109.66,5625,334841,880,23.749,281579,427.75,180.67,1011.35,1.266,74.832,117.99,119.48
4/22/2011,112.29,5610,340997,913,20.976,289916,441.9,178.92,1001.96,1.2291,74.108,118.44,120.09
4/29/2011,113.93,5623,344418,926,23.771,301118,417.9,181.06,1005.88,1.1181,72.933,119.09,120.52
5/6/2011,97.18,5609,348050,934,26.032,293823,397.55,181.7,1008.26,1.0519,74.841,118.43,118.82
5/13/2011,99.65,5618,348035,947,25.829,255713,398.35,178.32,1010.69,1.0489,75.757,117.96,117.95
5/20/2011,99.49,5583,348651,954,20.286,221565,412.15,175.25,1013.37,0.9989,75.435,118.22,118.56
5/27/2011,100.59,5609,351529,958,22.709,225677,418.6,170.97,1015.39,0.912,74.954,118.28,119.27
6/3/2011,100.22,5633,346897,959,22.5,224441,413.45,170.3,1007.92,0.8359,73.783,118.73,119.77
6/10/2011,99.29,5643,343491,969,25.112,190974,407.55,172.71,999.68,0.7631,74.795,118.28,118.4
6/17/2011,93.01,5650,341780,984,26.205,194372,412.1,173.14,998.28,0.8,74.988,118.49,118.22
6/24/2011,91.16,5593,337405,1003,20.485,167470,411.55,169.62,981.65,0.7364,75.665,118.15,118
7/1/2011,94.94,5520,336532,1006,25.913,153148,430.25,167.36,982.13,0.983,74.349,118.97,120.52
7/8/2011,96.2,5578,333408,1007,30.604,165491,441.2,171.47,989.09,0.8007,75.179,119.25,120.45
7/15/2011,97.24,5591,329681,1013,30.505,168833,441.3,174.06,983.84,0.7418,75.126,119.23,119.87
7/22/2011,99.87,5377,331977,1021,28.254,182285,441,174.26,976.36,0.7478,74.201,119.78,120.71
7/29/2011,95.7,5523,332927,1025,30.242,191423,447.95,175.69,980.78,0.6441,73.897,119.97,120.41
8/5/2011,86.88,5529,327806,1031,30.384,160251,411.7,177.45,978.85,0.5944,74.598,119.26,118.53
8/12/2011,85.38,5561,332039,1055,30.97,142938,403.35,176.23,983.52,0.3572,74.607,119.38,116.59
8/19/2011,82.26,5591,329826,1066,36.447,142769,400.25,177.44,990.97,0.4119,74.009,119.22,116.87
8/26/2011,85.37,5598,335107,1069,37.21,143195,411.75,179.64,994.88,0.4463,73.814,119.34,116.46
9/2/2011,86.45,5642,331146,1064,37.19,161617,412.45,180.34,992.99,0.4472,74.756,119.64,115.78
9/9/2011,87.24,5083,324442,1057,31.992,155837,400.25,178.63,1001.46,0.437,77.192,118.39,113.86
9/16/2011,87.96,5747,317106,1062,32.462,179547,393.15,177.04,996.35,0.4302,76.599,117.63,111.03
9/23/2011,79.85,5756,319021,1071,31.472,167177,328,173.05,989.78,0.4587,78.501,115.16,106.33
9/30/2011,79.2,5800,314342,1060,29.998,154854,315.2,169.01,975.61,0.517,78.553,114.64,104.36
10/7/2011,82.98,5878,315575,1070,32.629,146304,327.35,169.48,987.2466667,0.6533,78.726,115.32,107.59
10/14/2011,86.8,5891,310846,1080,35.781,157693,340.85,157.67,966.08,0.6198,76.623,116.14,109.73
10/21/2011,87.4,5876,315581,1079,32.049,171378,322.3,143.83,952.28,0.5974,76.395,115.8,107.16
10/28/2011,93.32,5818,317407,1078,25.399,197280,370.6,118.03,951.96,0.5293,75.067,117.59,111.88
11/4/2011,94.26,5846,315819,1112,25.739,190216,356.45,126.3,954.37,0.4821,76.962,116.89,108.56
11/11/2011,98.99,5894,314763,1133,20.641,203965,348.3,135.94,935.71,0.6263,76.945,116.52,108.6
11/18/2011,97.41,5887,308544,1125,16.698,216075,342.05,145.97,931.57,0.6804,78.064,115.54,106.99
11/25/2011,96.77,5864,312476,1130,13.375,189688,328.4,137.94,923.67,0.7231,79.686,114.47,103.08
12/2/2011,100.96,5861,313625,1132,14.307,194695,358.45,138.48,921.99,0.6396,78.625,115.94,106.76
12/9/2011,99.41,5862,311693,1161,12.591,202735,355.75,139.44,911.77,0.536,78.632,115.42,106.85
12/16/2011,93.53,5862,301123,1196,15.456,200986,333.1,133.03,905.52,0.6068,80.256,114.9,104.91
12/23/2011,99.68,5846,305022,1201,15.668,178881,346.95,135.58,892.79,0.6787,79.93,115.25,104.86
12/30/2011,98.83,5851,307231,1193,16.605,192466,343.6,138.57,881.15,0.6247,80.178,115.16,104.45
1/6/2012,101.56,5844,309056,1191,19.07,200307,343.5,140.41,896.06,0.5793,81.254,115.21,105.63
1/13/2012,98.7,5726,305618,1191,21.144,201672,363.7,141.43,920.56,0.4783,81.515,115.53,107.52
1/20/2012,98.46,5722,309176,1223,20.985,193965,374.5,139.56,924.25,0.4932,80.223,116.34,109.47
1/27/2012,99.56,5720,313351,1225,24.92,204044,388.9,138.93,913.6233333,0.4177,78.902,117.38,111.04
2/3/2012,97.84,5763,313642,1245,27.36,201269,390.15,143.06,943.45,0.4382,78.924,117.92,112.5
2/10/2012,98.67,5819,313471,1263,28.792,205709,386.2,143.35,945.96,0.4748,79.114,117.23,111.92
2/17/2012,103.24,5817,315104,1272,25.648,233889,371.6,135.63,943.51,0.5239,79.331,117.35,112.07
2/24/2012,109.77,5814,319264,1265,25.658,259162,387,139.65,941.2,0.5583,78.352,117.48,111.9
3/2/2012,106.7,5806,320112,1293,22.359,272032,390.3,143.56,942.37,0.4806,79.403,117.56,111.8
3/9/2012,107.4,5830,321862,1296,26.617,252218,385.85,142.78,1002.71,0.5446,80.041,117.42,110.97
3/16/2012,107.06,5826,320700,1317,28.247,258406,387.8,145.56,1047.23,0.6075,79.786,117.02,110.73
3/23/2012,106.87,5821,327802,1313,28.168,247827,380.85,144.96,1072.86,0.5982,79.345,116.63,110.08
3/30/2012,103.02,6049,336811,1318,29.954,241367,382.5,147.5,1135.11,0.5481,79.004,116.88,109.4
4/6/2012,103.31,6040,339377,1329,29.824,216687,379.55,147.71,1175.71,0.5469,79.886,116.7,109.18
4/13/2012,102.83,6043,343233,1322,30.63,191827,362.7,148.72,1198.87,0.4896,79.888,116.82,108.91
4/20/2012,103.05,6113,347211,1337,24.936,199304,370.65,147.99,1214.69,0.4854,79.194,116.58,107.83
4/27/2012,104.93,6121,350051,1328,24.43,196426,382.5,146.92,1263.1,0.4716,78.709,116.92,108
5/4/2012,98.49,6136,355340,1355,23.056,219817,372.1,145.37,1263.95,0.4555,79.498,116.52,106.71
5/11/2012,96.13,6149,357468,1372,25.122,147992,364.8,137.88,1322.01,0.4905,80.264,116.06,104.75
5/18/2012,91.48,6239,358351,1382,24.084,139182,346.85,132.64,1335.86,0.5699,81.292,114.99,102.44
5/25/2012,90.86,6227,360564,1383,25.273,136751,344.8,132.27,1331.4,0.5446,82.402,114.4,102.4
6/1/2012,83.23,6245,358801,1386,25.019,136584,331.35,135.47,1331.4,0.4982,82.89,113.94,100.52
6/8/2012,84.1,6236,358610,1414,26.606,133049,328.5,134.3,1319.38,0.4477,82.511,114.24,102.41
6/15/2012,84.03,6353,361471,1405,26.394,130508,339.05,135.25,1312.98,0.4462,81.628,114.6,101.91
6/22/2012,79.76,6257,361338,1421,24.141,122815,331.5,138.18,1315.03,0.4562,82.256,114.28,101.7
6/29/2012,84.96,6094,357068,1421,25.278,124017,349.65,135.49,1307.31,0.4595,81.627,115.22,103.94
7/6/2012,84.45,6249,352213,1419,25.659,135011,340.95,136.27,1314.56,0.4033,83.377,114.69,103.61
7/13/2012,87.1,6245,351404,1427,26.428,128092,350.4,134.56,1313.81,0.3895,83.349,114.91,103.98
7/20/2012,91.44,6364,354121,1414,26.855,133165,344.8,125.79,1307.18,0.3555,83.478,115.01,103.98
7/27/2012,90.13,6320,347599,1416,26.075,140636,342.6,117.43,1284.31,0.3752,82.709,115.21,104.46
8/3/2012,91.4,6218,343824,1429,29.555,137034,336.75,119.46,1283.64,0.3505,82.375,115.52,104.65
8/10/2012,92.87,6181,340125,1432,31.319,163986,339.25,114.07,1273.51,0.383,82.553,115.55,104.97
8/17/2012,96.01,6246,334713,1425,28.942,152222,342.8,111.66,1262.32,0.4306,82.596,115.21,104.65
8/24/2012,96.15,6258,338491,1408,32.744,179526,348.95,100.1,1257.05,0.3547,81.593,115.44,104.41
8/31/2012,96.47,5486,331065,1419,33.667,192471,345.7,89.7,1242.09,0.3035,81.208,115.51,104.29
9/7/2012,96.42,5526,332474,1409,35.256,193624,364.5,91.38,1226.04,0.3194,80.252,115.87,104.95
9/14/2012,99,6277,341008,1413,33.862,203324,383.25,104.54,1235.18,0.3287,78.847,116.93,106.06
9/21/2012,92.89,6509,338562,1402,36.414,214647,378.9,108.26,1227.03,0.3347,79.328,116.98,105.44
9/28/2012,92.19,6520,338080,1410,37.498,177762,375.8,106.46,1214.62,0.3239,79.935,117.2,105.29
10/5/2012,89.88,6598,339592,1398,40.672,166172,377.8,106.46,1225.61,0.3405,79.337,117.15,105.45
10/12/2012,91.86,6606,342452,1411,36.171,161004,370.3,115.38,1187.72,0.3519,79.667,117.44,105.19
10/19/2012,90.05,6610,348348,1410,30.311,166278,363.75,117.79,1177.71,0.3722,79.621,117.51,105.18
10/26/2012,86.28,6669,346303,1408,30.409,138340,355,120.76,1166.05,0.3758,80.068,117.82,104.5
11/2/2012,84.86,6677,347850,1373,26.977,122863,348.15,121.43,1159.62,0.3343,80.593,117.74,104.37
11/9/2012,86.07,6709,348939,1389,28.059,122309,344.55,123.27,1155.9,0.3346,81.026,117.7,103.74
11/16/2012,86.67,6710,347473,1390,28.765,100021,346.15,122.2,1152.85,0.3196,81.257,117.53,103.01
11/23/2012,88.28,6818,347126,1388,29.179,109848,353.9,119.91,1144.98,0.3543,80.192,117.81,103.67
11/30/2012,88.91,6817,344769,1386,26.611,116096,365,116.59,1122.9,0.3157,80.153,118.09,102.78
12/7/2012,85.93,6852,344909,1382,23.191,129530,366.3,121.64,1106.28,0.3022,80.408,118.03,104.22
12/14/2012,86.73,6863,343945,1381,22.496,101871,368.3,130.23,1101.46,0.3226,79.58,117.98,104.3
12/21/2012,88.66,6984,343359,1340,28.394,121051,356.7,135.79,1107.55,0.3602,79.617,117.88,103.81
12/28/2012,90.8,6985,332239,1327,25.987,134834,358.95,141.43,1113.58,0.3531,79.678,118.06,104.18
1/4/2013,93.09,7002,333131,1318,24.657,149893,369.35,153.21,1109.89,0.3862,80.499,118.31,105.23
1/11/2013,93.56,7041,332180,1323,23.347,168066,365.4,150.6,1122.36,0.3592,79.563,118.62,105.53
1/18/2013,95.56,6989,334993,1316,22.792,179249,367.9,144.26,1125.21,0.3713,80.036,118.81,105.32
1/25/2013,95.88,6993,340940,1315,23.831,205903,365.2,149.52,1132.27,0.4128,79.748,118.07,105.39
2/1/2013,97.77,6997,343274,1332,28.112,218604,378.45,153.34,1142.4,0.4156,79.125,117.86,106.26
2/8/2013,95.72,7064,343834,1330,32.584,212226,375.95,155.89,1144.55,0.3905,80.246,117.67,106.14
2/15/2013,95.86,7118,347977,1337,36.005,221534,375.35,155.89,1139.74,0.4111,80.58,117.75,106.24
2/22/2013,93.13,7096,349107,1329,35.654,208001,355.05,152.86,1152.47,0.3753,81.482,117.65,106.07
3/1/2013,90.68,7093,352843,1333,30.963,175211,350.1,150.67,1134.82,0.3427,82.313,117.58,105.56
3/8/2013,91.95,7159,355467,1341,32.284,167498,350.9,148.2,1110.77,0.3914,82.696,117.5,106.66
3/15/2013,93.45,7150,354153,1341,30.822,166944,352.05,135.28,1090.92,0.3702,82.261,117.4,106.43
3/22/2013,93.71,7151,357409,1324,26.119,172268,346.6,134.89,1107.55,0.3964,82.376,117.26,106.01
3/29/2013,97.23,7151,360116,1354,24.808,199129,340.2,138.3,1108.25,0.3841,82.976,117.46,105.97
4/5/2013,92.7,7181,359998,1357,21.64,205410,334.4,136.41,1111.86,0.3289,82.496,117.17,107.07
4/12/2013,91.29,7208,358765,1387,20.611,196330,335,142.1,1108.27,0.3322,82.311,117.42,107.55
4/19/2013,88.01,7326,359712,1371,23.304,183032,316.3,138.43,1097.06,0.328,82.714,117.92,106.03
4/26/2013,93,7312,366408,1381,20.126,182408,318.6,132.84,1095.3,0.3156,82.502,117.99,106.51
5/3/2013,95.61,7369,366779,1403,17.773,193962,331.45,130.22,1101.57,0.319,82.125,118.35,106.66
5/10/2013,96.04,7321,366155,1412,20.119,204534,335.3,130.9,1082.82,0.3421,83.143,118.02,106.32
5/17/2013,96.02,7258,365817,1408,19.422,205140,332.3,123.23,1069.97,0.3665,84.252,117.42,105.04
5/24/2013,94.15,7292,368817,1402,18.208,231794,329.55,122.72,1057.92,0.3882,83.7,117.24,103.7
5/31/2013,91.97,7300,362550,1410,16.945,217531,329.25,111.16,1035.04,0.4944,83.375,116.72,100.99
6/7/2013,96.03,7224,365179,1406,18.969,212127,326.85,111.96,1035.04,0.5113,81.669,116.95,101.22
6/14/2013,97.85,7129,365492,1413,20.244,232273,320.15,113.66,1035.03,0.4445,80.67,116.74,101.38
6/21/2013,93.69,7261,365510,1405,17.362,262239,310,120.3,1017.08,0.6454,82.318,115.36,97.67
6/28/2013,96.56,7267,355163,1390,13.202,232194,305.75,116.55,1013.26,0.5525,83.136,115.71,98.65
7/5/2013,103.22,7401,345426,1395,13.805,263643,306.5,124.45,1034.91,0.6691,84.449,115.24,98.21
7/12/2013,105.95,7490,338524,1391,17.485,281918,315.5,127.51,1046.7,0.591,82.988,115.9,98.75
7/19/2013,108.05,7555,335699,1395,13.519,304383,314,132.36,1074.85,0.5207,82.607,115.95,99.8
7/26/2013,104.7,7542,336130,1401,15.323,334094,310.55,133.48,1087.67,0.5091,81.657,116.07,99.15
8/2/2013,106.94,7560,334699,1388,13.811,318819,317.25,130.21,1005.28,0.5105,81.908,115.48,98.52
8/9/2013,105.97,7571,331887,1385,11.614,310827,330.65,136.32,1102.31,0.5225,81.126,115.93,99.02
8/16/2013,107.46,7518,330459,1397,14.174,308786,336.7,139.34,1132.01,0.6199,81.257,115.35,96.29
8/23/2013,106.42,7609,333445,1382,16.854,302762,335.6,139.27,1133.04,0.6852,81.361,114.65,96.56
8/30/2013,107.65,7621,331609,1388,15.313,317523,323.3,139.63,1126,0.6734,82.087,114.25,95.04
9/6/2013,110.53,7745,330991,1365,8.675,305971,326.15,136.47,1125.44,0.796,82.146,114.69,96.53
9/13/2013,108.21,7827,326623,1361,9.307,290058,320.35,136.44,1112.19,0.755,81.452,115.26,97.35
9/20/2013,104.67,7777,329258,1369,8.335,280959,332.05,132.07,1104.96,0.5685,80.431,115.84,99.13
9/27/2013,102.87,7784,334730,1362,10.252,275098,332.95,132.07,1090.62,0.5243,80.287,115.68,97.45
10/4/2013,103.84,7809,341474,1372,8.287,254402,330.1,131.41,1102.59,0.5108,80.122,116.29,98.29
10/11/2013,102.02,7428,345473,1367,13.615,253837,326.9,133.34,1039.72,0.5302,80.362,116.46,99.07
10/18/2013,100.81,7896,350719,1361,13.636,246312,329.9,134.78,1010.07,0.4963,79.654,116.87,99.4
10/25/2013,97.85,7853,354806,1357,11.53,251721,326.9,133.34,976.01,0.4851,79.194,117.04,99
11/1/2013,94.61,7858,355995,1376,12.402,243956,329.85,137.26,1011.55,0.4833,80.716,116.48,97.25
11/8/2013,94.6,7981,358635,1383,11.902,233850,325.4,136.07,1013.52,0.4864,81.303,116.09,95.81
11/15/2013,93.84,7974,359010,1385,17.509,223733,318.2,137.11,1043.77,0.4362,80.849,116.28,96.29
11/22/2013,94.84,8019,361963,1387,22.946,236710,321.85,136.48,1065.32,0.4113,80.708,116.14,96.55
11/29/2013,92.72,8011,356378,1391,19.811,228819,320.5,137.15,1066.22,0.406,80.68,115.95,95.06
12/6/2013,97.65,8075,345374,1397,16.74,246661,324.85,138.39,1055.34,0.4503,80.315,116.4,95.57
12/13/2013,96.6,8058,342433,1411,14.18,252199,331.2,136.76,1046.78,0.494,80.214,116.1,95.56
12/20/2013,99.32,8111,337702,1395,17.109,252910,330.8,132.79,1065.95,0.5207,80.575,115.63,94.36
12/27/2013,100.32,8121,330695,1382,18.876,263965,338.5,132.92,1084.44,0.5829,80.392,115.72,94.78
1/3/2014,93.96,8145,326737,1378,18.392,270386,335.5,135.27,1098.37,0.6213,80.791,115.82,93.98
1/10/2014,92.72,8159,319079,1393,20.625,247177,334.15,131.05,1115.55,0.6092,80.658,116.06,94.42
1/17/2014,94.37,8052,320069,1408,21.216,229722,334.45,130.47,1128.73,0.6514,81.225,115.63,93.43
1/24/2014,96.64,8044,326490,1416,17.961,230503,327.15,124.29,1148.37,0.6048,80.458,115.11,90.44
1/31/2014,97.49,8044,326930,1422,10.923,260282,319.7,123.02,1158.16,0.5674,81.311,114.99,90.29
2/7/2014,99.88,8132,329983,1416,15.605,275931,323.6,121.19,1164.88,0.5055,80.691,115.36,90.99
2/14/2014,100.3,8148,330956,1423,16.363,306021,326.45,121.93,1170.59,0.5529,80.136,116,91.26
2/21/2014,102.2,8059,331024,1425,14.26,331857,326,122.14,1133.98,0.5606,80.237,115.3,91.45
2/28/2014,102.59,8077,332453,1430,12.281,339052,318.75,118.14,1115.23,0.557,79.691,114.95,91.35
3/7/2014,102.58,8182,338333,1443,14.583,346469,308.25,113.59,1086.78,0.6603,79.719,115.63,91.44
3/14/2014,98.89,8215,344183,1461,18.198,328095,295.05,109.66,1075.41,0.6051,79.446,115.35,91.13
3/21/2014,99.46,8190,350802,1473,14.507,302320,295.05,110.14,1068.62,0.7632,80.105,114.46,91.72
3/28/2014,101.67,8192,348423,1487,14.548,293403,304.15,112.76,1050.42,0.7777,80.176,115.2,93.17
4/4/2014,101.14,8229,352341,1498,15.678,300921,302.25,116.7,1069.66,0.7297,80.423,115.46,93.58
4/11/2014,103.74,8301,362354,1517,14.994,331056,303.2,117.37,1068.05,0.6416,79.452,115.74,93.78
4/18/2014,104.3,8360,365878,1510,16.248,341477,303.4,117.16,1070.97,0.7456,79.847,115.55,93.6
4/25/2014,100.6,8352,367576,1534,18.71,333791,309.3,111.54,1068.89,0.7421,79.749,115.07,93.24
5/2/2014,99.76,8350,366004,1527,17.153,330711,307,106.82,1066.25,0.7794,79.516,115.35,93.79
5/9/2014,99.99,8428,366951,1528,15.392,299543,308.3,103.03,1086.19,0.7095,79.903,115.74,94.11
5/16/2014,102.02,8434,359725,1531,16.321,311195,314.7,100.74,1096.51,0.679,80.043,116.08,94.34
5/23/2014,104.35,8472,361382,1528,14.081,323993,316.75,98.29,1097.18,0.6726,80.393,115.96,94.3
5/30/2014,102.71,8383,357951,1536,14.117,348069,312.35,91.33,1103.56,0.6677,80.369,115.72,94.15
6/6/2014,102.66,8460,355221,1536,14.046,343005,305.1,94.27,1109.03,0.7388,80.409,115.92,94.05
6/13/2014,106.91,8477,354642,1542,13.87,341680,302.75,90.81,1102.98,0.8268,80.576,116.05,93.95
6/20/2014,107.26,8446,356384,1545,16.739,356336,311.3,92.13,1092.11,0.8573,80.372,115.75,93.79
6/27/2014,105.74,8442,353229,1558,15.277,345283,316.8,95.81,1092.11,0.8022,80.039,115.94,94.52
7/4/2014,104.06,8514,350822,1562,12.085,330148,327.95,96.11,1097.12,0.9019,80.269,116.28,94.42
7/11/2014,100.83,8592,343297,1563,12.849,304366,326.9,96.92,1092.07,0.8586,80.187,116.25,94.04
7/18/2014,103.13,8565,339328,1554,9.466,259259,318.45,96.94,1088.14,0.929,80.524,116.11,93.61
7/25/2014,102.09,8443,335631,1562,8.02,278116,324.05,94.65,1092.24,0.9692,81.029,116.27,93.95
8/1/2014,97.88,8453,334167,1573,13.695,276741,321.45,95.84,1096.44,0.9465,81.302,116.07,92.69
8/8/2014,97.65,8556,335568,1588,15.117,236381,317.35,94.99,1112.05,0.9218,81.389,116.13,91.86
8/15/2014,97.35,8577,331094,1589,14.981,218814,312.45,93.98,1109.96,0.8657,81.424,116.59,92.63
8/22/2014,93.65,8631,329024,1564,16.857,188589,322.3,90.34,1114.09,0.9877,82.336,116.52,91.58
8/29/2014,95.96,8630,328119,1575,16.768,189753,316.05,87.62,1106.69,0.9888,82.748,116.67,92.34
9/5/2014,93.29,8590,327428,1584,17.559,172357,316.95,83.8,1121.48,1.0051,83.739,116.57,92.34
9/12/2014,92.27,8838,331101,1592,14.786,186612,310.65,82.38,1114.51,1.1169,84.24,116.03,90.06
9/19/2014,92.41,8867,326828,1601,16.695,203648,309.15,81.02,1104.76,1.1496,84.735,115.78,90
9/26/2014,93.54,8837,325465,1592,14.753,193965,303.55,78.68,1087.67,1.1667,85.64,115.4,88.52
10/3/2014,89.74,8875,330380,1591,13.576,201863,299.85,79.6,1102.313333,1.1867,86.694,114.77,87.66
10/10/2014,85.82,8951,339303,1609,11.539,192208,303.5,80.24,1058.76,0.9989,85.912,115.03,88.63
10/17/2014,82.75,8934,346414,1590,10.549,176671,300.35,80.82,1021.02,0.8639,85.11,115.3,88.17
10/24/2014,81.01,8970,348475,1595,10.488,186774,304.1,80.48,1021.01,0.8858,85.732,115.47,87.69
10/31/2014,80.54,8972,348935,1582,12.2,182486,304.7,79.59,1018.25,0.9868,86.917,114.96,88.06
11/7/2014,78.65,9063,346150,1568,14.269,167906,303.85,75.84,1043.87,1.0105,87.642,114.64,86.64
11/14/2014,75.82,9004,348758,1578,9.814,182490,303.85,75.47,1040.62,1.0205,87.525,114.24,85.88
11/21/2014,76.51,9077,350704,1574,8.426,175051,302.9,70.31,1054.96,1.0053,88.31,114.05,86.72
11/28/2014,66.15,9083,347015,1572,7.299,162009,284.6,71.32,1047.04,0.9569,88.356,113.63,85.06
12/5/2014,65.84,9118,348313,1575,4.839,184374,290.25,71.77,1030.07,1.1965,89.334,113.06,83.56
12/12/2014,57.81,9137,347466,1546,5.496,191268,293.4,68.99,1016.55,1.071,88.363,113.26,81.86
12/19/2014,56.52,9127,354733,1536,3.707,217723,288.45,69.17,1036.41,1.2082,89.598,112.64,82.37
12/26/2014,54.73,9121,352979,1499,0.639,206939,281.4,67.34,1044.99,1.2873,90.03,112.39,82
1/2/2015,52.69,9132,348806,1482,6.196,199388,281.75,71.26,1064.42,1.222,91.08,112.28,81.37
1/9/2015,48.36,9192,354195,1421,7.76,199395,275.45,71.18,1060.66,1.0818,91.935,112.87,82.2
1/16/2015,48.69,9186,364266,1366,9.64,224032,261.7,68.61,1059.3,0.9319,92.52,113.17,82.3
1/23/2015,45.59,9213,373140,1317,13.349,216704,250.15,66.42,1057.48,0.9897,94.762,112.9,82.48
1/30/2015,48.24,9177,379473,1223,13.379,216325,249.45,62.21,1064.82,0.9038,94.804,111.92,80.63
2/6/2015,51.69,9226,383800,1140,16.076,207927,258.55,62.49,1065.69,1.1871,94.698,112.32,80.05
2/13/2015,52.78,9280,391516,1056,17.362,203696,260.65,63.19,1078.69,1.1929,94.201,112.34,79.54
2/20/2015,50.34,9285,399943,1019,19.304,209158,259.1,63.44,1069.733333,1.2427,94.253,111.7,78.89
2/27/2015,49.76,9324,410246,986,24.565,202609,269.15,62.56,1076.2,1.1647,95.293,111.98,79.17
3/6/2015,49.61,9366,415425,922,20.186,164310,260.9,59.49,1064.23,1.3218,97.615,111.41,75.92
3/13/2015,44.84,9419,425047,866,18.534,160278,266.35,57.66,1067.94,1.2312,100.33,110.81,74.13
3/20/2015,45.72,9422,433217,825,19.359,140274,276.1,54.66,1034.29,1.0923,97.909,112.06,75.24
3/27/2015,48.87,9386,437983,813,17.685,134957,276.75,53.14,1010.39,1.0552,97.291,112.09,74.87
4/3/2015,49.14,9404,449662,802,14.832,163367,273.4,47.08,994.83,0.9326,96.545,113.28,76.7
4/10/2015,51.64,9384,450956,760,15.879,212371,273.4,47.53,969.06,1.0552,99.338,112.42,76.38
4/17/2015,55.74,9366,456271,734,16.706,231556,277,50.93,951.55,0.9584,97.52,112.89,76.62
4/24/2015,57.15,9373,458181,703,19.146,267614,275.3,57.81,926.83,0.9739,96.922,113,77.29
5/1/2015,59.15,9369,454079,679,17.459,258131,292.95,56.18,898.97,1.102,95.297,112.68,76.81
5/8/2015,59.39,9374,451888,668,16.296,268163,292.05,61.4,888.23,1.0975,94.794,112.62,77.87
5/15/2015,59.69,9262,449214,660,19.471,262575,292.45,61.31,875.21,1.0301,93.135,112.88,77.81
5/22/2015,59.72,9566,446412,659,18.24,244053,281.1,59.96,891.69,1.1356,96.014,112.56,76.23
5/29/2015,60.3,9586,444464,646,17.601,245127,272.8,61.85,890.42,1.0745,96.907,111.93,75.16
6/5/2015,59.13,9610,438447,642,15.607,244626,269.25,64.45,862.1,1.2582,96.306,111.37,74.34
6/12/2015,59.96,9589,435771,635,16.64,235520,268.3,65.13,851.4,1.2794,94.972,111.68,75.28
6/19/2015,59.61,9604,430837,631,14.346,237342,257.5,61.36,825.97,1.121,94.085,112.07,75.44
6/26/2015,59.63,9595,433223,628,15.43,234273,263.55,62.01,811.09,1.22,95.472,111.53,74.55
7/3/2015,56.93,9604,433714,640,20.989,216152,263.1,55.26,790.65,1.1599,96.113,111.64,74.33
7/10/2015,52.74,9562,429368,645,20.539,173726,253.75,50.1,804.8,1.1789,96.025,111.43,74.06
7/17/2015,50.89,9558,431836,638,20.169,147205,249.6,50.66,842.87,1.192,97.862,110.94,73.19
7/24/2015,48.14,9413,427633,659,19.005,106383,238.25,51.42,838.71,1.1927,97.244,110.26,71.09
7/31/2015,47.12,9465,423226,664,18.711,98933,236.35,53.41,818.85,1.1492,97.336,110.29,70.57
8/7/2015,43.87,9395,421822,670,17.17,112220,233.25,56.4,798.89,1.23,97.563,110.13,69.85
8/14/2015,42.5,9348,424442,672,20.447,99748,235.3,56.74,819.62,1.2195,96.52,107.9,69.51
8/21/2015,40.45,9337,418990,674,18.636,93406,229.85,56.1,844.42,1.0602,95.008,107.17,68.05
8/28/2015,45.22,9218,423657,675,13.675,99176,234.6,56.04,833.25,1.1029,96.106,107.4,68.06
9/4/2015,46.05,9135,426062,662,10.712,116002,231.2,56.5,820.91,1.0321,96.229,106.92,66.12
9/11/2015,44.63,9117,423958,652,11.651,132857,245.35,59.01,819.87,1.0435,95.194,107.17,66.28
9/18/2015,44.68,9136,422033,644,10.144,147678,238.6,57.69,827.16,0.9868,94.863,107.77,66.13
9/25/2015,45.7,9096,425988,640,12.56,169392,228.35,56.98,814.09,0.9744,96.269,106.78,65.29
10/2/2015,45.54,9172,429028,614,11.02,153914,232.55,53.14,820.3733333,0.8362,95.83,107.27,65.54
10/9/2015,49.63,9096,436590,605,9.344,172967,241.4,56.01,782.73,0.937,94.813,108.73,67.79
10/16/2015,47.26,9096,444618,595,7.272,184317,240.35,53.76,764.84,0.8685,94.54,108.94,66.77
10/23/2015,44.6,9112,447994,594,9.634,168201,235,51.62,752.21,0.9093,97.127,108.47,66.6
10/30/2015,46.59,9160,450841,578,10.097,143291,231.75,49.83,744.44,1.0324,96.946,108.5,66.77
11/6/2015,44.29,9185,454822,572,12.391,172052,224.2,48.21,742.02,1.2087,99.168,107.7,66.73
11/13/2015,40.74,9182,455074,574,8.877,144854,217.6,48.14,762.64,1.1455,98.998,107.29,66
11/20/2015,40.39,9165,456035,564,8.093,120832,205.95,44.91,775.69,1.1539,99.565,107.72,67
11/27/2015,41.71,9202,457212,555,8.318,96521,205.75,44.5,750.54,1.17,100.02,107.39,66.04
12/4/2015,39.97,9164,453553,545,7.571,90763,207.9,40.03,718.58,1.2321,98.354,107.55,66.38
12/11/2015,35.62,9176,458354,524,10.937,80474,211.65,38.3,712.58,1.1331,97.565,106.36,64.48
12/18/2015,34.73,9179,452477,541,9.913,95754,211.25,40.1,716.42,1.2482,98.703,106.53,62.53
12/25/2015,38.1,9202,455106,538,8.043,86923,212.4,41,726.91,1.2671,97.847,106.96,62.78
1/1/2016,37.04,9219,450956,536,8.291,100797,213.5,43.57,723.26,1.3219,98.683,106.53,62.54
1/8/2016,33.16,9227,451190,516,8.106,76934,202.2,42.13,734.95,1.1044,98.54,105.01,60.72
1/15/2016,29.42,9235,455169,515,7.656,69755,194.35,41.12,770.86,0.9084,98.956,104.82,60.31
1/22/2016,32.19,9221,463552,510,8.702,81957,200.25,42.2,785.11,0.9583,99.574,105.36,59.95
1/29/2016,33.62,9214,471344,498,8.297,110432,206.7,41.72,778.79,0.837,99.606,105.55,60.63
2/5/2016,30.89,9186,470676,467,6.526,105184,210.3,45.73,772.27,0.7706,97.031,105.85,60.6
2/12/2016,29.44,9135,472823,439,10.145,110487,203.15,43.65,778.7233333,0.7048,95.94,106.09,59.37
2/19/2016,29.64,9102,476325,413,6.635,97169,208.05,48.52,762.51,0.7595,96.6,105.51,59.99
2/26/2016,32.78,9077,486699,400,7.672,110554,212.5,48.29,751.54,0.7767,98.148,105.25,59.96
3/4/2016,35.92,9078,490843,392,5.245,135440,227.45,53.75,735.66,0.925,97.34,107,62.31
3/11/2016,38.5,9068,492160,386,8.467,174949,224.1,57.09,705.6,1.039,96.172,107.37,63.6
3/18/2016,39.44,9038,501517,387,8.391,204551,228.25,57.5,670.11,0.9213,95.086,107.94,63.95
3/25/2016,39.46,9022,503816,372,10.283,235830,222.9,56.37,659.19,0.9923,96.273,107.31,63.53
4/1/2016,36.79,9008,498598,362,8.02,221016,216.3,54.8,646.06,0.8671,94.619,108.4,64.3
4/8/2016,39.72,8977,505232,354,8.783,194773,208.7,54.03,640.27,0.805,94.235,108.25,63.58
4/15/2016,40.36,8953,507312,351,8.474,215630,216.2,58.28,636.14,0.8189,94.696,108.19,64.78
4/22/2016,43.73,8938,509311,343,11.253,245987,226.85,66.33,652.69,0.9322,95.116,107.89,64.76
4/29/2016,45.92,8825,512095,332,10.77,249123,228.35,66.24,632.36,0.8835,93.082,108.4,66.18
5/6/2016,44.66,8802,508487,328,8.118,236789,215.4,58.29,643.6,0.822,93.888,107.46,64.72
5/13/2016,46.21,8791,509797,318,9.469,216521,207.4,54.54,652.8,0.8368,94.608,107.02,63.86
5/20/2016,47.75,8767,505571,318,11.11,246996,205.55,54.89,660.64,0.9923,95.334,106.44,63.76
5/27/2016,49.33,8735,504205,316,10.558,241928,211.4,51.15,665.44,1.1023,95.521,106.44,63.02
6/3/2016,48.62,8745,501844,325,11.514,240728,211.3,50.08,658.43,0.8868,94.029,107.25,63.64
6/10/2016,49.07,8716,500911,328,10.583,233469,203.05,52.56,656.69,0.8045,94.571,106.82,64.24
6/17/2016,47.98,8677,499994,337,9.707,191489,205.1,51.05,658.64,0.7801,94.206,106.84,63.9
6/24/2016,47.64,8622,495941,330,10.461,213075,211.6,50.61,651.59,0.6695,95.448,106.41,64.4
7/1/2016,48.99,8428,493718,341,9.547,179430,221.7,54.33,645.6,0.6609,95.649,106.86,65.52
7/8/2016,45.41,8485,491172,351,8.573,169499,211.9,55.17,645.8,0.6522,96.302,106.62,64.85
7/15/2016,45.95,8494,488830,357,7.923,180469,223.35,58.42,684.43,0.7768,96.58,106.77,65.2
7/22/2016,44.19,8515,490501,371,9.293,156804,223.55,55.87,697.25,0.8642,97.467,106.76,65.41
7/29/2016,41.6,8460,491914,374,8.638,120556,222.15,59.37,704.65,0.7196,95.53,107.7,64.7
8/5/2016,41.8,8445,492969,381,11.032,86817,215.4,60.74,702.25,0.8308,96.194,107.35,65.59
8/12/2016,44.49,8597,490461,396,9.665,102455,215.15,60.37,702.87,0.8277,95.722,107.68,66.23
8/19/2016,48.52,8548,492962,406,11.802,159827,217.75,60.95,711.28,0.8876,94.511,107.37,66.05
8/26/2016,47.64,8488,495238,406,12.931,244102,208.45,59.13,705.21,0.9641,95.566,106.99,65.01
9/2/2016,44.44,8458,480725,407,8.807,220403,207.8,59.39,694.59,0.9378,95.844,107.11,64.95
9/9/2016,45.88,8493,480166,414,9.329,179493,209.25,57.78,702.65,0.9337,95.336,106.98,64.46
9/16/2016,43.03,8512,473966,416,11.921,203944,216,55.97,711.55,0.8925,96.108,106.79,63.66
9/23/2016,44.48,8497,472084,418,11.011,147467,220.1,56.79,736.07,0.8945,95.477,107.3,63.82
9/30/2016,48.24,8467,469108,425,11.946,181452,221.05,55.86,741.81,0.8869,95.463,107.42,64.02
10/7/2016,49.81,8450,473958,428,11.428,254503,216.35,55.86,729.81,0.944,96.632,106.93,64.35
10/14/2016,50.35,8464,468711,432,10.411,287942,211.05,57.28,728.22,0.9534,98.019,106.12,64.71
10/21/2016,50.85,8504,468158,443,10.555,291453,208.85,58.72,729.64,0.9322,98.695,105.93,65.6
10/28/2016,48.7,8522,482578,441,10.154,268189,219.35,63.96,738.03,0.9715,98.348,105.78,64.98
11/4/2016,44.07,8692,485010,450,9.667,234126,226.5,65,752.92,0.9062,97.065,105.98,64.57
11/11/2016,43.41,8681,490284,452,7.126,159415,250.9,79.81,763.78,1.1111,99.06,104.71,61.19
11/18/2016,45.69,8690,489029,471,7.399,163321,247.8,72.79,774.58,1.3274,101.21,103.83,61.31
11/25/2016,46.06,8699,488145,474,9.552,188324,268.15,79.61,777.13,1.371,101.49,103.66,61.09
12/2/2016,51.68,8697,485756,477,9.345,189086,262.5,77.79,774.05,1.3571,100.77,103.98,60.8
12/9/2016,51.5,8796,483193,498,8.947,270485,264.75,81.66,766.15,1.4232,101.59,103.88,61.94
12/16/2016,51.9,8786,485449,510,10.825,303146,256.45,81.49,770.56,1.647,102.95,103.03,61.6
12/23/2016,53.02,8766,486063,523,13.321,306156,247.9,78.14,781.43,1.6376,103.01,102.89,62.34
12/30/2016,53.72,8770,479012,525,14.301,307909,250.55,78.87,811.14,1.5854,102.21,102.94,62.37
1/6/2017,53.99,8946,483109,529,12.941,304468,254.6,76.25,806.26,1.5895,102.22,103.18,62.14
1/13/2017,52.37,8944,485456,522,12.821,305909,269,80.54,840.35,1.58,101.18,103.85,61.92
1/20/2017,52.42,8961,488296,551,10.987,349510,262.5,80.41,864.9,1.5911,100.74,104,62.22
1/27/2017,53.17,8915,494762,566,9.984,370939,268.95,83.34,876.1,1.5918,100.53,103.83,63.19
2/3/2017,53.83,8978,508592,583,11.061,379927,261.6,82.19,877.89,1.5774,99.868,105.09,64.22
2/10/2017,53.86,8977,518119,591,11.408,359387,276.8,86.62,873.75,1.575,100.8,104.66,64.38
2/17/2017,53.4,9001,518683,597,10.162,390338,272,90.37,845.43,1.6082,100.95,104.67,64.22
2/24/2017,53.99,9032,520184,602,11.105,413637,269.6,90.5,815.46,1.5688,101.09,105.06,64.81
3/3/2017,53.33,9088,528393,609,8.428,386707,269.65,91.32,794.99,1.7528,101.54,104.53,64.86
3/10/2017,48.49,9109,528156,617,10.834,375558,259.5,86.72,791.09,1.81,101.25,104.49,64.46
3/17/2017,48.78,9129,533110,631,11.369,288774,269.15,92.34,778.15,1.7606,100.3,105.1,65.51
3/24/2017,47.97,9147,533977,652,12.459,260577,263.1,85.06,778.15,1.7367,99.627,105.42,65.65
3/31/2017,50.6,9199,535543,662,13.242,244615,265.25,80.39,778.83,1.7333,100.35,105.52,65.83
4/7/2017,52.24,9235,533377,672,13.587,267030,264.7,75.45,788.43,1.7183,101.18,105.13,65.85
4/14/2017,53.18,9252,532343,683,12.432,309229,258.6,68.68,803,1.6033,100.51,105.44,66.23
4/21/2017,49.62,9265,528702,688,13.106,323364,255.1,68.22,806.53,1.617,99.977,105.37,65.76
4/28/2017,49.33,9293,527772,697,9.913,255421,260.75,68.8,818.99,1.6563,99.05,105.42,65.21
5/5/2017,46.22,9314,522525,703,10.978,203104,252.85,61.73,818.61,1.6897,98.648,105.39,64.86
5/12/2017,47.84,9305,520772,712,11.551,168814,252.4,61.38,837.74,1.6254,99.252,105.5,65.55
5/19/2017,50.33,9320,516340,720,12.565,161294,258.15,62.69,848.27,1.5814,97.142,105.97,64.37
5/26/2017,49.8,9342,509912,722,11.98,193143,256.6,57.91,846.27,1.612,97.442,106.06,64.88
6/2/2017,47.66,9318,513207,733,11.207,206103,257.45,57.79,840.09,1.5671,96.715,106.43,64.66
